Time,x,y,z
1723409118,2.954155206680298e-06,-7.026828825473785e-07,-6.943941116333008e-05
1723409118,2.9653310775756836e-06,-7.045455276966095e-07,-6.955862045288086e-05
1723409118,2.9765069484710693e-06,-7.061753422021866e-07,-6.973743438720703e-05
1723409118,2.987682819366455e-06,-7.078051567077637e-07,-6.985664367675781e-05
1723409118,3.0044466257095337e-06,-7.08969309926033e-07,-6.99758529663086e-05
1723409118,3.0118972063064575e-06,-7.103662937879562e-07,-7.009506225585938e-05
1723409119,3.026798367500305e-06,-7.119961082935333e-07,-7.015466690063477e-05
1723409119,3.039836883544922e-06,-7.138587534427643e-07,-7.027387619018555e-05
1723409119,3.0510127544403076e-06,-7.157213985919952e-07,-7.033348083496094e-05
1723409119,3.0621886253356934e-06,-7.173512130975723e-07,-7.039308547973633e-05
1723409119,3.071501851081848e-06,-7.189810276031494e-07,-7.051229476928711e-05
1723409119,3.084540367126465e-06,-7.203780114650726e-07,-7.05718994140625e-05
1723409119,3.0957162380218506e-06,-7.222406566143036e-07,-7.069110870361328e-05
1723409119,3.1068921089172363e-06,-7.241033017635345e-07,-7.069110870361328e-05
1723409119,3.119930624961853e-06,-7.255002856254578e-07,-7.081031799316406e-05
1723409119,3.1311064958572388e-06,-7.271301001310349e-07,-7.092952728271484e-05
1723409119,3.1441450119018555e-06,-7.289927452802658e-07,-7.104873657226562e-05
1723409119,3.1497329473495483e-06,-7.306225597858429e-07,-7.11679458618164e-05
1723409119,3.157183527946472e-06,-7.3225237429142e-07,-7.140636444091797e-05
1723409119,3.166496753692627e-06,-7.338821887969971e-07,-7.164478302001953e-05
1723409119,3.1758099794387817e-06,-7.359776645898819e-07,-7.18832015991211e-05
1723409119,3.1888484954833984e-06,-7.37607479095459e-07,-7.206201553344727e-05
1723409119,3.1925737857818604e-06,-7.394701242446899e-07,-7.224082946777344e-05
1723409119,3.1981617212295532e-06,-7.413327693939209e-07,-7.2479248046875e-05
1723409119,3.205612301826477e-06,-7.42962583899498e-07,-7.265806198120117e-05
1723409119,3.2186508178710938e-06,-7.445923984050751e-07,-7.283687591552734e-05
1723409119,3.2261013984680176e-06,-7.46455043554306e-07,-7.295608520507812e-05
1723409119,3.2298266887664795e-06,-7.480848580598831e-07,-7.31348991394043e-05
1723409119,3.2410025596618652e-06,-7.499475032091141e-07,-7.325410842895508e-05
1723409119,3.254041075706482e-06,-7.515773177146912e-07,-7.343292236328125e-05
1723409119,3.2633543014526367e-06,-7.532071322202682e-07,-7.349252700805664e-05
1723409119,3.2708048820495605e-06,-7.550697773694992e-07,-7.355213165283203e-05
1723409119,3.2782554626464844e-06,-7.566995918750763e-07,-7.367134094238281e-05
1723409119,3.287568688392639e-06,-7.583294063806534e-07,-7.37905502319336e-05
1723409119,3.3043324947357178e-06,-7.599592208862305e-07,-7.390975952148438e-05
1723409120,3.3080577850341797e-06,-7.615890353918076e-07,-7.402896881103516e-05
1723409120,3.3210963010787964e-06,-7.629860192537308e-07,-7.414817810058594e-05
1723409120,3.334134817123413e-06,-7.646158337593079e-07,-7.426738739013672e-05
1723409120,3.343448042869568e-06,-7.664784789085388e-07,-7.43865966796875e-05
1723409120,3.3508986234664917e-06,-7.681082934141159e-07,-7.450580596923828e-05
1723409120,3.3583492040634155e-06,-7.69738107919693e-07,-7.474422454833984e-05
1723409120,3.3657997846603394e-06,-7.71600753068924e-07,-7.492303848266602e-05
1723409120,3.373250365257263e-06,-7.734633982181549e-07,-7.510185241699219e-05
1723409120,3.384426236152649e-06,-7.755588740110397e-07,-7.522106170654297e-05
1723409120,3.3974647521972656e-06,-7.76955857872963e-07,-7.539987564086914e-05
1723409120,3.4030526876449585e-06,-7.783528417348862e-07,-7.551908493041992e-05
1723409120,3.4142285585403442e-06,-7.80448317527771e-07,-7.56978988647461e-05
1723409120,3.419816493988037e-06,-7.820781320333481e-07,-7.581710815429688e-05
1723409120,3.429129719734192e-06,-7.83940777182579e-07,-7.593631744384766e-05
1723409120,3.4384429454803467e-06,-7.855705916881561e-07,-7.617473602294922e-05
1723409120,3.4477561712265015e-06,-7.874332368373871e-07,-7.62939453125e-05
1723409120,3.4496188163757324e-06,-7.888302206993103e-07,-7.647275924682617e-05
1723409120,3.4570693969726562e-06,-7.904600352048874e-07,-7.653236389160156e-05
1723409120,3.466382622718811e-06,-7.923226803541183e-07,-7.665157318115234e-05
1723409120,3.4775584936141968e-06,-7.941853255033493e-07,-7.683038711547852e-05
1723409120,3.4868717193603516e-06,-7.958151400089264e-07,-7.700920104980469e-05
1723409120,3.4999102354049683e-06,-7.972121238708496e-07,-7.712841033935547e-05
1723409120,3.507360816001892e-06,-7.988419383764267e-07,-7.724761962890625e-05
1723409120,3.514811396598816e-06,-8.004717528820038e-07,-7.736682891845703e-05
1723409120,3.5259872674942017e-06,-8.023343980312347e-07,-7.748603820800781e-05
1723409120,3.5353004932403564e-06,-8.039642125368118e-07,-7.76052474975586e-05
1723409120,3.5446137189865112e-06,-8.05361196398735e-07,-7.778406143188477e-05
1723409121,3.552064299583435e-06,-8.07223841547966e-07,-7.796287536621094e-05
1723409121,3.557652235031128e-06,-8.09086486697197e-07,-7.82012939453125e-05
1723409121,3.5669654607772827e-06,-8.10716301202774e-07,-7.832050323486328e-05
1723409121,3.5762786865234375e-06,-8.123461157083511e-07,-7.849931716918945e-05
1723409121,3.5800039768218994e-06,-8.137430995702744e-07,-7.855892181396484e-05
1723409121,3.5855919122695923e-06,-8.156057447195053e-07,-7.867813110351562e-05
1723409121,3.596767783164978e-06,-8.174683898687363e-07,-7.87973403930664e-05
1723409121,3.606081008911133e-06,-8.195638656616211e-07,-7.891654968261719e-05
1723409121,3.6191195249557495e-06,-8.21426510810852e-07,-7.909536361694336e-05
1723409121,3.6284327507019043e-06,-8.23289155960083e-07,-7.921457290649414e-05
1723409121,3.63960862159729e-06,-8.25151801109314e-07,-7.939338684082031e-05
1723409121,3.6526471376419067e-06,-8.26781615614891e-07,-7.94529914855957e-05
1723409121,3.6600977182388306e-06,-8.284114301204681e-07,-7.963180541992188e-05
1723409121,3.6712735891342163e-06,-8.302740752696991e-07,-7.975101470947266e-05
1723409121,3.680586814880371e-06,-8.319038897752762e-07,-7.987022399902344e-05
1723409121,3.689900040626526e-06,-8.337665349245071e-07,-7.998943328857422e-05
1723409121,3.7010759115219116e-06,-8.356291800737381e-07,-8.0108642578125e-05
1723409121,3.7103891372680664e-06,-8.370261639356613e-07,-8.022785186767578e-05
1723409121,3.7122517824172974e-06,-8.391216397285461e-07,-8.028745651245117e-05
1723409121,3.7122517824172974e-06,-8.407514542341232e-07,-8.046627044677734e-05
1723409121,3.727152943611145e-06,-8.428469300270081e-07,-8.064508438110352e-05
1723409121,3.732740879058838e-06,-8.44709575176239e-07,-8.07046890258789e-05
1723409121,3.7401914596557617e-06,-8.463393896818161e-07,-8.082389831542969e-05
1723409121,3.7457793951034546e-06,-8.479692041873932e-07,-8.100271224975586e-05
1723409121,3.7606805562973022e-06,-8.50064679980278e-07,-8.118152618408203e-05
1723409121,3.769993782043457e-06,-8.521601557731628e-07,-8.130073547363281e-05
1723409121,3.777444362640381e-06,-8.535571396350861e-07,-8.130073547363281e-05
1723409121,3.7830322980880737e-06,-8.549541234970093e-07,-8.14199447631836e-05
1723409122,3.7904828786849976e-06,-8.565839380025864e-07,-8.165836334228516e-05
1723409122,3.8016587495803833e-06,-8.584465831518173e-07,-8.177757263183594e-05
1723409122,3.809109330177307e-06,-8.603092283010483e-07,-8.195638656616211e-05
1723409122,3.816559910774231e-06,-8.621718734502792e-07,-8.207559585571289e-05
1723409122,3.820285201072693e-06,-8.635688573122025e-07,-8.225440979003906e-05
1723409122,3.8333237171173096e-06,-8.654315024614334e-07,-8.243322372436523e-05
1723409122,3.8370490074157715e-06,-8.672941476106644e-07,-8.249282836914062e-05
1723409122,3.85381281375885e-06,-8.691567927598953e-07,-8.26120376586914e-05
1723409122,3.863126039505005e-06,-8.710194379091263e-07,-8.26716423034668e-05
1723409122,3.876164555549622e-06,-8.724164217710495e-07,-8.279085159301758e-05
1723409122,3.885477781295776e-06,-8.740462362766266e-07,-8.296966552734375e-05
1723409122,3.896653652191162e-06,-8.756760507822037e-07,-8.320808410644531e-05
1723409122,3.902241587638855e-06,-8.773058652877808e-07,-8.344650268554688e-05
1723409122,3.905966877937317e-06,-8.791685104370117e-07,-8.362531661987305e-05
1723409122,3.907829523086548e-06,-8.807983249425888e-07,-8.374452590942383e-05
1723409122,3.913417458534241e-06,-8.826609700918198e-07,-8.392333984375e-05
1723409122,3.9208680391311646e-06,-8.84057953953743e-07,-8.404254913330078e-05
1723409122,3.928318619728088e-06,-8.856877684593201e-07,-8.422136306762695e-05
1723409122,3.941357135772705e-06,-8.877832442522049e-07,-8.428096771240234e-05
1723409122,3.952533006668091e-06,-8.891802281141281e-07,-8.434057235717773e-05
1723409122,3.9692968130111694e-06,-8.915085345506668e-07,-8.45193862915039e-05
1723409122,3.978610038757324e-06,-8.936040103435516e-07,-8.463859558105469e-05
1723409122,3.984197974205017e-06,-8.954666554927826e-07,-8.481740951538086e-05
1723409122,3.987923264503479e-06,-8.973293006420135e-07,-8.493661880493164e-05
1723409122,3.995373845100403e-06,-8.987262845039368e-07,-8.511543273925781e-05
1723409122,4.0065497159957886e-06,-9.0012326836586e-07,-8.52346420288086e-05
1723409122,4.0121376514434814e-06,-9.012874215841293e-07,-8.541345596313477e-05
1723409122,4.021450877189636e-06,-9.026844054460526e-07,-8.547306060791016e-05
1723409123,4.036352038383484e-06,-9.047798812389374e-07,-8.559226989746094e-05
1723409123,4.043802618980408e-06,-9.061768651008606e-07,-8.571147918701172e-05
1723409123,4.056841135025024e-06,-9.082723408937454e-07,-8.58306884765625e-05
1723409123,4.060566425323486e-06,-9.101349860429764e-07,-8.594989776611328e-05
1723409123,4.064291715621948e-06,-9.117648005485535e-07,-8.612871170043945e-05
1723409123,4.069879651069641e-06,-9.131617844104767e-07,-8.624792098999023e-05
1723409123,4.081055521965027e-06,-9.147915989160538e-07,-8.636713027954102e-05
1723409123,4.090368747711182e-06,-9.166542440652847e-07,-8.64863395690918e-05
1723409123,4.101544618606567e-06,-9.189825505018234e-07,-8.666515350341797e-05
1723409123,4.10713255405426e-06,-9.203795343637466e-07,-8.678436279296875e-05
1723409123,4.118308424949646e-06,-9.224750101566315e-07,-8.690357208251953e-05
1723409123,4.122033715248108e-06,-9.238719940185547e-07,-8.70823860168457e-05
1723409123,4.12575900554657e-06,-9.252689778804779e-07,-8.71419906616211e-05
1723409123,4.133209586143494e-06,-9.26898792386055e-07,-8.726119995117188e-05
1723409123,4.1406601667404175e-06,-9.285286068916321e-07,-8.738040924072266e-05
1723409123,4.14624810218811e-06,-9.30391252040863e-07,-8.761882781982422e-05
1723409123,4.155561327934265e-06,-9.317882359027863e-07,-8.779764175415039e-05
1723409123,4.166737198829651e-06,-9.336508810520172e-07,-8.791685104370117e-05
1723409123,4.176050424575806e-06,-9.355135262012482e-07,-8.797645568847656e-05
1723409123,4.187226295471191e-06,-9.369105100631714e-07,-8.809566497802734e-05
1723409123,4.192814230918884e-06,-9.383074939250946e-07,-8.821487426757812e-05
1723409123,4.198402166366577e-06,-9.399373084306717e-07,-8.83936882019043e-05
1723409123,4.200264811515808e-06,-9.415671229362488e-07,-8.845329284667969e-05
1723409123,4.209578037261963e-06,-9.431969374418259e-07,-8.857250213623047e-05
1723409123,4.220753908157349e-06,-9.44826751947403e-07,-8.863210678100586e-05
1723409123,4.2282044887542725e-06,-9.466893970966339e-07,-8.881092071533203e-05
1723409124,4.239380359649658e-06,-9.485520422458649e-07,-8.89897346496582e-05
1723409124,4.248693585395813e-06,-9.499490261077881e-07,-8.916854858398438e-05
1723409124,4.250556230545044e-06,-9.51811671257019e-07,-8.928775787353516e-05
1723409124,4.26173210144043e-06,-9.534414857625961e-07,-8.940696716308594e-05
1723409124,4.2673200368881226e-06,-9.55304130911827e-07,-8.958578109741211e-05
1723409124,4.2710453271865845e-06,-9.567011147737503e-07,-8.970499038696289e-05
1723409124,4.28222119808197e-06,-9.585637599229813e-07,-8.982419967651367e-05
1723409124,4.287809133529663e-06,-9.599607437849045e-07,-9.000301361083984e-05
1723409124,4.289671778678894e-06,-9.613577276468277e-07,-9.018182754516602e-05
1723409124,4.302710294723511e-06,-9.632203727960587e-07,-9.02414321899414e-05
1723409124,4.3101608753204346e-06,-9.650830179452896e-07,-9.036064147949219e-05
1723409124,4.3157488107681274e-06,-9.664800018072128e-07,-9.047985076904297e-05
1723409124,4.319474101066589e-06,-9.683426469564438e-07,-9.059906005859375e-05
1723409124,4.326924681663513e-06,-9.69739630818367e-07,-9.071826934814453e-05
1723409124,4.33996319770813e-06,-9.71602275967598e-07,-9.077787399291992e-05
1723409124,4.345551133155823e-06,-9.73232090473175e-07,-9.09566879272461e-05
1723409124,4.3548643589019775e-06,-9.753275662660599e-07,-9.113550186157227e-05
1723409124,4.367902874946594e-06,-9.771902114152908e-07,-9.119510650634766e-05
1723409124,4.367902874946594e-06,-9.783543646335602e-07,-9.137392044067383e-05
1723409124,4.375353455543518e-06,-9.802170097827911e-07,-9.1552734375e-05
1723409124,4.382804036140442e-06,-9.825453162193298e-07,-9.173154830932617e-05
1723409124,4.390254616737366e-06,-9.84175130724907e-07,-9.185075759887695e-05
1723409125,4.3995678424835205e-06,-9.85804945230484e-07,-9.196996688842773e-05
1723409125,4.405155777931213e-06,-9.87434759736061e-07,-9.208917617797852e-05
1723409125,4.414469003677368e-06,-9.890645742416382e-07,-9.226799011230469e-05
1723409125,4.425644874572754e-06,-9.909272193908691e-07,-9.238719940185547e-05
1723409125,4.434958100318909e-06,-9.923242032527924e-07,-9.250640869140625e-05
1723409125,4.4424086809158325e-06,-9.937211871147156e-07,-9.262561798095703e-05
1723409125,4.4461339712142944e-06,-9.953510016202927e-07,-9.274482727050781e-05
1723409125,4.455447196960449e-06,-9.967479854822159e-07,-9.28640365600586e-05
1723409125,4.470348358154297e-06,-9.98377799987793e-07,-9.292364120483398e-05
1723409125,4.479661583900452e-06,-1.00000761449337e-06,-9.310245513916016e-05
1723409125,4.4889748096466064e-06,-1.0014045983552933e-06,-9.328126907348633e-05
1723409125,4.492700099945068e-06,-1.0030344128608704e-06,-9.34600830078125e-05
1723409125,4.494562745094299e-06,-1.0048970580101013e-06,-9.357929229736328e-05
1723409125,4.498288035392761e-06,-1.0067597031593323e-06,-9.369850158691406e-05
1723409125,4.509463906288147e-06,-1.0083895176649094e-06,-9.387731552124023e-05
1723409125,4.51505184173584e-06,-1.0100193321704865e-06,-9.40561294555664e-05
1723409125,4.51505184173584e-06,-1.0111834853887558e-06,-9.423494338989258e-05
1723409125,4.520639777183533e-06,-1.0130461305379868e-06,-9.429454803466797e-05
1723409125,4.533678293228149e-06,-1.0151416063308716e-06,-9.447336196899414e-05
1723409125,4.544854164123535e-06,-1.0165385901927948e-06,-9.465217590332031e-05
1723409125,4.55416738986969e-06,-1.0186340659856796e-06,-9.47713851928711e-05
1723409125,4.561617970466614e-06,-1.0200310498476028e-06,-9.489059448242188e-05
1723409126,4.5765191316604614e-06,-1.02166086435318e-06,-9.495019912719727e-05
1723409126,4.580244421958923e-06,-1.023290678858757e-06,-9.500980377197266e-05
1723409126,4.582107067108154e-06,-1.0249204933643341e-06,-9.518861770629883e-05
1723409126,4.597008228302002e-06,-1.026783138513565e-06,-9.530782699584961e-05
1723409126,4.606321454048157e-06,-1.0284129530191422e-06,-9.542703628540039e-05
1723409126,4.61190938949585e-06,-1.030508428812027e-06,-9.566545486450195e-05
1723409126,4.6174973249435425e-06,-1.0326039046049118e-06,-9.59634780883789e-05
1723409126,4.623085260391235e-06,-1.034000888466835e-06,-9.608268737792969e-05
1723409126,4.63239848613739e-06,-1.035863533616066e-06,-9.632110595703125e-05
1723409126,4.637986421585083e-06,-1.037493348121643e-06,-9.644031524658203e-05
1723409126,4.643574357032776e-06,-1.0388903319835663e-06,-9.655952453613281e-05
1723409126,4.656612873077393e-06,-1.0407529771327972e-06,-9.66787338256836e-05
1723409126,4.664063453674316e-06,-1.0426156222820282e-06,-9.679794311523438e-05
1723409126,4.675239324569702e-06,-1.0442454367876053e-06,-9.691715240478516e-05
1723409126,4.686415195465088e-06,-1.0458752512931824e-06,-9.703636169433594e-05
1723409126,4.697591066360474e-06,-1.0477378964424133e-06,-9.709596633911133e-05
1723409126,4.699453711509705e-06,-1.0491348803043365e-06,-9.715557098388672e-05
1723409126,4.716217517852783e-06,-1.0509975254535675e-06,-9.72747802734375e-05
1723409126,4.718080163002014e-06,-1.0530930012464523e-06,-9.739398956298828e-05
1723409126,4.7292560338974e-06,-1.0547228157520294e-06,-9.751319885253906e-05
1723409126,4.738569259643555e-06,-1.0565854609012604e-06,-9.763240814208984e-05
1723409127,4.738569259643555e-06,-1.0579824447631836e-06,-9.781122207641602e-05
1723409127,4.7497451305389404e-06,-1.0598450899124146e-06,-9.799003601074219e-05
1723409127,4.757195711135864e-06,-1.0617077350616455e-06,-9.804964065551758e-05
1723409127,4.760921001434326e-06,-1.0631047189235687e-06,-9.810924530029297e-05
1723409127,4.764646291732788e-06,-1.0647345334291458e-06,-9.822845458984375e-05
1723409127,4.772096872329712e-06,-1.0665971785783768e-06,-9.840726852416992e-05
1723409127,4.777684807777405e-06,-1.0679941624403e-06,-9.85264778137207e-05
1723409127,4.785135388374329e-06,-1.069856807589531e-06,-9.864568710327148e-05
1723409127,4.7907233238220215e-06,-1.071719452738762e-06,-9.882450103759766e-05
1723409127,4.803761839866638e-06,-1.0735820978879929e-06,-9.900331497192383e-05
1723409127,4.809349775314331e-06,-1.07521191239357e-06,-9.918212890625e-05
1723409127,4.814937710762024e-06,-1.076841726899147e-06,-9.942054748535156e-05
1723409127,4.82611358165741e-06,-1.0784715414047241e-06,-9.959936141967773e-05
1723409127,4.8317015171051025e-06,-1.0798685252666473e-06,-9.97781753540039e-05
1723409127,4.837289452552795e-06,-1.0812655091285706e-06,-9.989738464355469e-05
1723409127,4.841014742851257e-06,-1.0831281542778015e-06,-0.00010007619857788086
1723409127,4.848465323448181e-06,-1.0847579687833786e-06,-0.00010025501251220703
1723409127,4.855915904045105e-06,-1.0861549526453018e-06,-0.0001004338264465332
1723409127,4.86522912979126e-06,-1.0873191058635712e-06,-0.00010055303573608398
1723409127,4.872679710388184e-06,-1.0887160897254944e-06,-0.00010073184967041016
1723409127,4.881992936134338e-06,-1.0905787348747253e-06,-0.00010085105895996094
1723409127,4.891306161880493e-06,-1.0924413800239563e-06,-0.0001010894775390625
1723409128,4.895031452178955e-06,-1.0940711945295334e-06,-0.00010126829147338867
1723409128,4.902482032775879e-06,-1.0961666703224182e-06,-0.00010144710540771484
1723409128,4.913657903671265e-06,-1.0977964848279953e-06,-0.00010156631469726562
1723409128,4.9229711294174194e-06,-1.0996591299772263e-06,-0.0001016855239868164
1723409128,4.937872290611267e-06,-1.1015217751264572e-06,-0.00010186433792114258
1723409128,4.945322871208191e-06,-1.1033844202756882e-06,-0.00010204315185546875
1723409128,4.954636096954346e-06,-1.1052470654249191e-06,-0.00010216236114501953
1723409128,4.9639493227005005e-06,-1.1066440492868423e-06,-0.00010228157043457031
1723409128,4.971399903297424e-06,-1.1082738637924194e-06,-0.0001024007797241211
1723409128,4.98257577419281e-06,-1.1099036782979965e-06,-0.00010246038436889648
1723409128,4.988163709640503e-06,-1.1115334928035736e-06,-0.00010263919830322266
1723409128,4.995614290237427e-06,-1.1131633073091507e-06,-0.00010275840759277344
1723409128,5.003064870834351e-06,-1.1147931218147278e-06,-0.000102996826171875
1723409128,5.0067901611328125e-06,-1.116190105676651e-06,-0.00010311603546142578
1723409128,5.0086528062820435e-06,-1.117819920182228e-06,-0.00010323524475097656
1723409128,5.017966032028198e-06,-1.1192169040441513e-06,-0.00010335445404052734
1723409128,5.027279257774353e-06,-1.1210795491933823e-06,-0.00010347366333007812
1723409128,5.031004548072815e-06,-1.1227093636989594e-06,-0.00010371208190917969
1723409128,5.036592483520508e-06,-1.1238735169172287e-06,-0.00010377168655395508
1723409128,5.041249096393585e-06,-1.1248048394918442e-06,-0.00010395050048828125
1723409128,5.044974386692047e-06,-1.1257361620664597e-06,-0.00010412931442260742
1723409128,5.055218935012817e-06,-1.1266674846410751e-06,-0.00010418891906738281
1723409128,5.064532160758972e-06,-1.1278316378593445e-06,-0.0001043081283569336
1723409129,5.061738193035126e-06,-1.12876296043396e-06,-0.00010454654693603516
1723409129,5.06080687046051e-06,-1.1299271136522293e-06,-0.00010472536087036133
1723409129,5.061738193035126e-06,-1.1310912668704987e-06,-0.00010484457015991211
1723409129,5.068257451057434e-06,-1.132371835410595e-06,-0.00010496377944946289
1723409129,5.0729140639305115e-06,-1.133885234594345e-06,-0.00010514259338378906
1723409129,5.073845386505127e-06,-1.1352822184562683e-06,-0.00010532140731811523
1723409129,5.075708031654358e-06,-1.1363299563527107e-06,-0.0001055002212524414
1723409129,5.077105015516281e-06,-1.137610524892807e-06,-0.00010567903518676758
1723409129,5.080830305814743e-06,-1.1390075087547302e-06,-0.00010579824447631836
1723409129,5.080830305814743e-06,-1.1402880772948265e-06,-0.00010591745376586914
1723409129,5.087815225124359e-06,-1.1415686458349228e-06,-0.00010597705841064453
1723409129,5.08967787027359e-06,-1.1431984603404999e-06,-0.00010603666305541992
1723409129,5.092006176710129e-06,-1.1441297829151154e-06,-0.0001062154769897461
1723409129,5.099456757307053e-06,-1.1456431820988655e-06,-0.00010627508163452148
1723409129,5.1013194024562836e-06,-1.1469237506389618e-06,-0.00010645389556884766
1723409129,5.1031820476055145e-06,-1.1479714885354042e-06,-0.00010657310485839844
1723409129,5.105743184685707e-06,-1.1492520570755005e-06,-0.00010675191879272461
1723409129,5.1120296120643616e-06,-1.1504162102937698e-06,-0.00010687112808227539
1723409129,5.115056410431862e-06,-1.152046024799347e-06,-0.00010704994201660156
1723409129,5.1120296120643616e-06,-1.1529773473739624e-06,-0.00010716915130615234
1723409129,5.113077349960804e-06,-1.153792254626751e-06,-0.00010722875595092773
1723409129,5.116336978971958e-06,-1.1551892384886742e-06,-0.0001074075698852539
1723409130,5.115231033414602e-06,-1.1564698070287704e-06,-0.00010752677917480469
1723409130,5.1102833822369576e-06,-1.1574593372642994e-06,-0.00010770559310913086
1723409130,5.107605829834938e-06,-1.158274244517088e-06,-0.00010782480239868164
1723409130,5.103996954858303e-06,-1.159030944108963e-06,-0.00010794401168823242
1723409130,5.104811862111092e-06,-1.1601950973272324e-06,-0.0001080632209777832
1723409130,5.106499884277582e-06,-1.1610682122409344e-06,-0.00010818243026733398
1723409130,5.104811862111092e-06,-1.1620286386460066e-06,-0.00010836124420166016
1723409130,5.103414878249168e-06,-1.1629308573901653e-06,-0.00010848045349121094
1723409130,5.103531293570995e-06,-1.1636875569820404e-06,-0.00010859966278076172
1723409130,5.106558091938496e-06,-1.1644151527434587e-06,-0.00010859966278076172
1723409130,5.101785063743591e-06,-1.1650263331830502e-06,-0.00010883808135986328
1723409130,5.102483555674553e-06,-1.166132278740406e-06,-0.00010895729064941406
1723409130,5.100388079881668e-06,-1.1669180821627378e-06,-0.00010907649993896484
1723409130,5.099456757307053e-06,-1.1677911970764399e-06,-0.00010919570922851562
1723409130,5.100155249238014e-06,-1.168868038803339e-06,-0.0001093149185180664
1723409130,5.094800144433975e-06,-1.1695374269038439e-06,-0.0001093745231628418
1723409130,5.093635991215706e-06,-1.1697702575474977e-06,-0.00010949373245239258
1723409130,5.096429958939552e-06,-1.1707597877830267e-06,-0.00010955333709716797
1723409130,5.093403160572052e-06,-1.1716620065271854e-06,-0.00010967254638671875
1723409130,5.0908420234918594e-06,-1.1717784218490124e-06,-0.00010979175567626953
1723409130,5.091540515422821e-06,-1.1726515367627144e-06,-0.0001099705696105957
1723409130,5.092937499284744e-06,-1.1735246516764164e-06,-0.0001100301742553711
1723409131,5.084089934825897e-06,-1.1734373401850462e-06,-0.00011014938354492188
1723409131,5.078036338090897e-06,-1.1736119631677866e-06,-0.00011026859283447266
1723409131,5.077105015516281e-06,-1.174543285742402e-06,-0.00011032819747924805
1723409131,5.071982741355896e-06,-1.174979843199253e-06,-0.00011050701141357422
1723409131,5.068257451057434e-06,-1.1755910236388445e-06,-0.000110626220703125
1723409131,5.0603412091732025e-06,-1.175649231299758e-06,-0.00011086463928222656
1723409131,5.0603412091732025e-06,-1.1761731002479792e-06,-0.00011098384857177734
1723409131,5.055684596300125e-06,-1.1766096577048302e-06,-0.00011104345321655273
1723409131,5.056615918874741e-06,-1.1771044228225946e-06,-0.00011110305786132812
1723409131,5.054287612438202e-06,-1.1773663572967052e-06,-0.0001112222671508789
1723409131,5.058012902736664e-06,-1.1780648492276669e-06,-0.0001112818717956543
1723409131,5.058012902736664e-06,-1.178384991362691e-06,-0.00011146068572998047
1723409131,5.054287612438202e-06,-1.179025275632739e-06,-0.00011157989501953125
1723409131,5.0514936447143555e-06,-1.1791707947850227e-06,-0.00011175870895385742
1723409131,5.039386451244354e-06,-1.1791707947850227e-06,-0.00011199712753295898
1723409131,5.0370581448078156e-06,-1.17946183308959e-06,-0.00011205673217773438
1723409131,5.0282105803489685e-06,-1.1795200407505035e-06,-0.00011217594146728516
1723409131,5.024019628763199e-06,-1.179694663733244e-06,-0.00011229515075683594
1723409131,5.013775080442429e-06,-1.1798110790550709e-06,-0.00011247396469116211
1723409131,5.0156377255916595e-06,-1.1802185326814651e-06,-0.0001125335693359375
1723409131,5.01144677400589e-06,-1.1801603250205517e-06,-0.00011277198791503906
1723409131,5.010515451431274e-06,-1.1799857020378113e-06,-0.00011295080184936523
1723409132,5.003996193408966e-06,-1.1801603250205517e-06,-0.00011307001113891602
1723409132,4.998408257961273e-06,-1.1800439096987247e-06,-0.0001131892204284668
1723409132,4.988163709640503e-06,-1.1799274943768978e-06,-0.00011330842971801758
1723409132,4.979781806468964e-06,-1.1801021173596382e-06,-0.00011354684829711914
1723409132,4.975125193595886e-06,-1.1801603250205517e-06,-0.0001137852668762207
1723409132,4.974193871021271e-06,-1.1802185326814651e-06,-0.00011390447616577148
1723409132,4.968605935573578e-06,-1.1803931556642056e-06,-0.00011396408081054688
1723409132,4.968605935573578e-06,-1.1806259863078594e-06,-0.00011396408081054688
1723409132,4.9658119678497314e-06,-1.180567778646946e-06,-0.00011408329010009766
1723409132,4.959292709827423e-06,-1.180567778646946e-06,-0.00011420249938964844
1723409132,4.950910806655884e-06,-1.180451363325119e-06,-0.00011432170867919922
1723409132,4.945322871208191e-06,-1.180334948003292e-06,-0.00011444091796875
1723409132,4.941597580909729e-06,-1.1802185326814651e-06,-0.00011450052261352539
1723409132,4.934147000312805e-06,-1.1801021173596382e-06,-0.00011467933654785156
1723409132,4.929490387439728e-06,-1.1799857020378113e-06,-0.00011479854583740234
1723409132,4.922039806842804e-06,-1.1799857020378113e-06,-0.00011491775512695312
1723409132,4.911795258522034e-06,-1.1798692867159843e-06,-0.00011515617370605469
1723409132,4.905276000499725e-06,-1.1797528713941574e-06,-0.00011533498764038086
1723409132,4.8978254199028015e-06,-1.1792872101068497e-06,-0.00011551380157470703
1723409132,4.891306161880493e-06,-1.1790543794631958e-06,-0.00011563301086425781
1723409132,4.877336323261261e-06,-1.1784723028540611e-06,-0.0001157522201538086
1723409132,4.87547367811203e-06,-1.1782394722104073e-06,-0.00011587142944335938
1723409132,4.864297807216644e-06,-1.1780066415667534e-06,-0.00011599063873291016
1723409133,4.854053258895874e-06,-1.1774245649576187e-06,-0.00011610984802246094
1723409133,4.850327968597412e-06,-1.1771917343139648e-06,-0.00011622905731201172
1723409133,4.841946065425873e-06,-1.1764932423830032e-06,-0.00011640787124633789
1723409133,4.832632839679718e-06,-1.1762604117393494e-06,-0.00011652708053588867
1723409133,4.825182259082794e-06,-1.1760275810956955e-06,-0.00011664628982543945
1723409133,4.811212420463562e-06,-1.1755619198083878e-06,-0.00011676549911499023
1723409133,4.802830517292023e-06,-1.175212673842907e-06,-0.0001169443130493164
1723409133,4.79724258184433e-06,-1.1748634278774261e-06,-0.00011706352233886719
1723409133,4.7925859689712524e-06,-1.1745141819119453e-06,-0.00011724233627319336
1723409133,4.783272743225098e-06,-1.1742813512682915e-06,-0.00011730194091796875
1723409133,4.775822162628174e-06,-1.1738156899809837e-06,-0.00011742115020751953
1723409133,4.773959517478943e-06,-1.1736992746591568e-06,-0.00011754035949707031
1723409133,4.7711655497550964e-06,-1.173233613371849e-06,-0.0001176595687866211
1723409133,4.7711655497550964e-06,-1.1730007827281952e-06,-0.00011777877807617188
1723409133,4.763714969158173e-06,-1.1725351214408875e-06,-0.00011789798736572266
1723409133,4.75812703371048e-06,-1.1721858754754066e-06,-0.00011795759201049805
1723409133,4.753470420837402e-06,-1.1719530448317528e-06,-0.00011801719665527344
1723409133,4.7460198402404785e-06,-1.171370968222618e-06,-0.00011813640594482422
1723409133,4.741363227367401e-06,-1.1709053069353104e-06,-0.000118255615234375
1723409133,4.7264620661735535e-06,-1.1702068150043488e-06,-0.00011849403381347656
1723409133,4.718080163002014e-06,-1.1693919077515602e-06,-0.00011861324310302734
1723409133,4.706904292106628e-06,-1.1690426617860794e-06,-0.00011873245239257812
1723409133,4.699453711509705e-06,-1.1684605851769447e-06,-0.0001189112663269043
1723409134,4.69014048576355e-06,-1.1675292626023293e-06,-0.00011897087097167969
1723409134,4.677101969718933e-06,-1.1669471859931946e-06,-0.00011903047561645508
1723409134,4.673376679420471e-06,-1.1664815247058868e-06,-0.00011909008026123047
1723409134,4.665926098823547e-06,-1.166248694062233e-06,-0.00011926889419555664
1723409134,4.6584755182266235e-06,-1.1656666174530983e-06,-0.00011932849884033203
1723409134,4.6510249376297e-06,-1.1652009561657906e-06,-0.00011944770812988281
1723409134,4.643574357032776e-06,-1.1648517102003098e-06,-0.00011962652206420898
1723409134,4.639849066734314e-06,-1.1646188795566559e-06,-0.00011980533599853516
1723409134,4.626810550689697e-06,-1.1636875569820404e-06,-0.00011992454528808594
1723409134,4.6137720346450806e-06,-1.1624069884419441e-06,-0.0001201629638671875
1723409134,4.600733518600464e-06,-1.1617084965109825e-06,-0.00012040138244628906
1723409134,4.589557647705078e-06,-1.1611264199018478e-06,-0.00012052059173583984
1723409134,4.585832357406616e-06,-1.1604279279708862e-06,-0.00012052059173583984
1723409134,4.580244421958923e-06,-1.1597294360399246e-06,-0.00012069940567016602
1723409134,4.5709311962127686e-06,-1.159030944108963e-06,-0.0001208186149597168
1723409134,4.552304744720459e-06,-1.1583324521780014e-06,-0.00012099742889404297
1723409134,4.541128873825073e-06,-1.1576339602470398e-06,-0.00012117624282836914
1723409134,4.526227712631226e-06,-1.1569354683160782e-06,-0.00012135505676269531
1723409134,4.513189196586609e-06,-1.1560041457414627e-06,-0.00012153387069702148
1723409134,4.503875970840454e-06,-1.1557713150978088e-06,-0.00012165307998657227
1723409134,4.492700099945068e-06,-1.1548399925231934e-06,-0.00012177228927612305
1723409134,4.474073648452759e-06,-1.1539086699485779e-06,-0.00012195110321044922
1723409135,4.464760422706604e-06,-1.1529773473739624e-06,-0.0001220703125
1723409135,4.455447196960449e-06,-1.1522788554430008e-06,-0.0001221299171447754
1723409135,4.455447196960449e-06,-1.151813194155693e-06,-0.00012224912643432617
1723409135,4.4405460357666016e-06,-1.1508818715810776e-06,-0.00012242794036865234
1723409135,4.429370164871216e-06,-1.150183379650116e-06,-0.00012260675430297852
1723409135,4.420056939125061e-06,-1.1492520570755005e-06,-0.0001227855682373047
1723409135,4.408881068229675e-06,-1.1485535651445389e-06,-0.00012290477752685547
1723409135,4.393979907035828e-06,-1.1476222425699234e-06,-0.00012308359146118164
1723409135,4.382804036140442e-06,-1.1471565812826157e-06,-0.00012320280075073242
1723409135,4.373490810394287e-06,-1.1462252587080002e-06,-0.0001233816146850586
1723409135,4.364177584648132e-06,-1.1455267667770386e-06,-0.00012350082397460938
1723409135,4.353001713752747e-06,-1.144595444202423e-06,-0.00012367963790893555
1723409135,4.347413778305054e-06,-1.1438969522714615e-06,-0.00012373924255371094
1723409135,4.332512617111206e-06,-1.142965629696846e-06,-0.0001239776611328125
1723409135,4.317611455917358e-06,-1.1420343071222305e-06,-0.00012415647506713867
1723409135,4.304572939872742e-06,-1.1408701539039612e-06,-0.00012433528900146484
1723409135,4.293397068977356e-06,-1.1399388313293457e-06,-0.00012451410293579102
1723409135,4.280358552932739e-06,-1.139240339398384e-06,-0.0001246333122253418
1723409135,4.26173210144043e-06,-1.1380761861801147e-06,-0.00012481212615966797
1723409135,4.250556230545044e-06,-1.1371448636054993e-06,-0.00012499094009399414
1723409135,4.239380359649658e-06,-1.1364463716745377e-06,-0.0001251697540283203
1723409136,4.2282044887542725e-06,-1.1355150490999222e-06,-0.0001252889633178711
1723409136,4.211440682411194e-06,-1.1345837265253067e-06,-0.00012540817260742188
1723409136,4.196539521217346e-06,-1.1334195733070374e-06,-0.00012558698654174805
1723409136,4.179775714874268e-06,-1.1320225894451141e-06,-0.00012576580047607422
1723409136,4.163011908531189e-06,-1.1310912668704987e-06,-0.000125885009765625
1723409136,4.149973392486572e-06,-1.1301599442958832e-06,-0.00012600421905517578
1723409136,4.133209586143494e-06,-1.12876296043396e-06,-0.00012624263763427734
1723409136,4.120171070098877e-06,-1.1278316378593445e-06,-0.00012636184692382812
1723409136,4.105269908905029e-06,-1.126900315284729e-06,-0.0001264810562133789
1723409136,4.090368747711182e-06,-1.1259689927101135e-06,-0.0001265406608581543
1723409136,4.06801700592041e-06,-1.1245720088481903e-06,-0.00012671947479248047
1723409136,4.049390554428101e-06,-1.123175024986267e-06,-0.00012689828872680664
1723409136,4.032626748085022e-06,-1.1217780411243439e-06,-0.0001270771026611328
1723409136,4.015862941741943e-06,-1.1206138879060745e-06,-0.0001271963119506836
1723409136,4.000961780548096e-06,-1.1194497346878052e-06,-0.00012725591659545898
1723409136,3.986060619354248e-06,-1.1182855814695358e-06,-0.00012749433517456055
1723409136,3.9692968130111694e-06,-1.1171214282512665e-06,-0.00012761354446411133
1723409136,3.95067036151886e-06,-1.116190105676651e-06,-0.0001277923583984375
1723409136,3.935769200325012e-06,-1.1150259524583817e-06,-0.0001278519630432129
1723409136,3.9208680391311646e-06,-1.1140946298837662e-06,-0.00012791156768798828
1723409136,3.909692168235779e-06,-1.1129304766654968e-06,-0.00012803077697753906
1723409137,3.898516297340393e-06,-1.1117663234472275e-06,-0.00012814998626708984
1723409137,3.889203071594238e-06,-1.110835000872612e-06,-0.00012832880020141602
1723409137,3.876164555549622e-06,-1.1099036782979965e-06,-0.0001285076141357422
1723409137,3.864988684654236e-06,-1.1094380170106888e-06,-0.00012862682342529297
1723409137,3.85381281375885e-06,-1.1080410331487656e-06,-0.00012874603271484375
1723409137,3.831461071968079e-06,-1.1068768799304962e-06,-0.00012892484664916992
1723409137,3.818422555923462e-06,-1.1057127267122269e-06,-0.0001290440559387207
1723409137,3.807246685028076e-06,-1.1050142347812653e-06,-0.00012922286987304688
1723409137,3.7960708141326904e-06,-1.103850081562996e-06,-0.00012934207916259766
1723409137,0.18508455157279968,-0.012717168778181076,-0.031063616275787354
1723409137,0.39954692125320435,-0.02745112031698227,-0.06716465950012207
1723409137,0.6421588659286499,-0.044118210673332214,-0.10825741291046143
1723409137,0.895343542098999,-0.061510905623435974,-0.15137439966201782
1723409137,1.2877447605133057,-0.08846572041511536,-0.21867364645004272
1723409137,1.792480707168579,-0.12313492596149445,-0.30591899156570435
1723409137,2.3293933868408203,-0.1600121408700943,-0.39941877126693726
1723409137,2.9814791679382324,-0.20479699969291687,-0.5139060020446777
1723409137,3.699885129928589,-0.2541334331035614,-0.6410850882530212
1723409137,4.233553886413574,-0.2907813489437103,-0.7361139059066772
1723409137,4.769639015197754,-0.3275935649871826,-0.8321115374565125
1723409137,5.488744735717773,-0.37697064876556396,-0.9618131518363953
1723409137,6.202408313751221,-0.42597129940986633,-1.0914193391799927
1723409138,6.834555625915527,-0.46937254071235657,-1.2070071697235107
1723409138,7.353612899780273,-0.5050075650215149,-1.30250883102417
1723409138,7.806031227111816,-0.5360660552978516,-1.3862507343292236
1723409138,8.242919921875,-0.5661258697509766,-1.4676449298858643
1723409138,8.679020881652832,-0.5963665246963501,-1.5494163036346436
1723409138,9.089262008666992,-0.6255422830581665,-1.626638412475586
1723409138,9.374527931213379,-0.6464446783065796,-1.6804569959640503
1723409138,9.669149398803711,-0.6696987748146057,-1.7360402345657349
1723409138,9.921713829040527,-0.6920298337936401,-1.783566951751709
1723409138,10.11468505859375,-0.7106614112854004,-1.8197996616363525
1723409138,10.287407875061035,-0.7287761569023132,-1.8521592617034912
1723409138,10.458558082580566,-0.7483664155006409,-1.8841443061828613
1723409138,10.593480110168457,-0.7650381326675415,-1.9093050956726074
1723409138,10.69434928894043,-0.7784489393234253,-1.9280853271484375
1723409138,10.8421630859375,-0.8007405400276184,-1.9555320739746094
1723409138,10.94083309173584,-0.8170573115348816,-1.973801612854004
1723409138,11.02686595916748,-0.8325380086898804,-1.989686131477356
1723409138,11.126446723937988,-0.8525794744491577,-2.0080018043518066
1723409138,11.173223495483398,-0.862556517124176,-2.0165834426879883
1723409138,11.225482940673828,-0.874519944190979,-2.0261335372924805
1723409138,11.27431869506836,-0.8865492939949036,-2.0350141525268555
1723409138,11.316963195800781,-0.8978286385536194,-2.042732000350952
1723409139,11.348294258117676,-0.9066109657287598,-2.04837703704834
1723409139,11.384966850280762,-0.9176983833312988,-2.054945468902588
1723409139,11.413854598999023,-0.9270195364952087,-2.0600926876068115
1723409139,11.444396018981934,-0.937650203704834,-2.0655007362365723
1723409139,11.466934204101562,-0.945983350276947,-2.0694708824157715
1723409139,11.492470741271973,-0.9561792612075806,-2.0739383697509766
1723409139,11.509612083435059,-0.9634055495262146,-2.0769219398498535
1723409139,11.529143333435059,-0.9722157716751099,-2.0802979469299316
1723409139,11.544112205505371,-0.9793548583984375,-2.082869529724121
1723409139,11.556385040283203,-0.9855018854141235,-2.0849661827087402
1723409139,11.567517280578613,-0.9913510680198669,-2.0868568420410156
1723409139,11.581936836242676,-0.9994813799858093,-2.089282989501953
1723409139,11.591073036193848,-1.004888892173767,-2.0908100605010986
1723409139,11.599760055541992,-1.010301947593689,-2.0922510623931885
1723409139,11.607526779174805,-1.015394687652588,-2.093532085418701
1723409139,11.615250587463379,-1.0207600593566895,-2.094797134399414
1723409139,11.620420455932617,-1.0245064496994019,-2.0956404209136963
1723409139,11.626473426818848,-1.0291502475738525,-2.096622943878174
1723409139,11.63170337677002,-1.0333974361419678,-2.097468852996826
1723409139,11.63652515411377,-1.037562608718872,-2.09824538230896
1723409139,11.639348030090332,-1.0401015281677246,-2.098698616027832
1723409139,11.642008781433105,-1.042598843574524,-2.0991244316101074
1723409139,11.644947052001953,-1.0455131530761719,-2.0995936393737793
1723409140,11.647711753845215,-1.0484317541122437,-2.100034475326538
1723409140,11.649608612060547,-1.050534725189209,-2.100337505340576
1723409140,11.651073455810547,-1.0522301197052002,-2.100572347640991
1723409140,11.65282917022705,-1.054390788078308,-2.100855588912964
1723409140,11.65410041809082,-1.0560405254364014,-2.101062059402466
1723409140,11.655019760131836,-1.0572866201400757,-2.101212501525879
1723409140,11.65601921081543,-1.0587222576141357,-2.101377487182617
1723409140,11.65688419342041,-1.0600330829620361,-2.101522922515869
1723409140,11.657376289367676,-1.06080162525177,-2.101606607437134
1723409140,11.657916069030762,-1.0616776943206787,-2.1017000675201416
1723409140,11.658340454101562,-1.0623921155929565,-2.1017749309539795
1723409140,11.658720970153809,-1.0630561113357544,-2.1018431186676025
1723409140,11.658987045288086,-1.0635353326797485,-2.10189151763916
1723409140,11.659246444702148,-1.064017415046692,-2.1019396781921387
1723409140,11.659562110900879,-1.0646367073059082,-2.101999521255493
1723409140,11.659807205200195,-1.0651416778564453,-2.1020474433898926
1723409140,11.659947395324707,-1.0654397010803223,-2.1020750999450684
1723409140,11.641520500183105,-1.0743894577026367,-2.099203586578369
1723409140,11.590363502502441,-1.0976818799972534,-2.09120512008667
1723409140,11.51249885559082,-1.1313806772232056,-2.0789999961853027
1723409140,11.433027267456055,-1.1644312143325806,-2.0665178298950195
1723409141,11.300888061523438,-1.2165340185165405,-2.045705795288086
1723409141,11.132720947265625,-1.2790926694869995,-2.019139289855957
1723409141,10.998247146606445,-1.3265732526779175,-1.9978382587432861
1723409141,10.889656066894531,-1.363131046295166,-1.980594515800476
1723409141,10.801353454589844,-1.3916136026382446,-1.9665415287017822
1723409141,10.680975914001465,-1.427925944328308,-1.9473185539245605
1723409141,10.575587272644043,-1.457693338394165,-1.9304344654083252
1723409141,10.528571128845215,-1.535762906074524,-1.9246609210968018
1723409141,10.496781349182129,-1.726660132408142,-1.9244626760482788
1723409141,10.486347198486328,-1.9204939603805542,-1.9278693199157715
1723409141,10.492605209350586,-2.247358560562134,-1.9374847412109375
1723409141,10.509439468383789,-2.5748672485351562,-1.948777198791504
1723409141,10.538800239562988,-2.985882520675659,-1.9641728401184082
1723409141,10.575651168823242,-3.435725688934326,-1.981644630432129
1723409141,10.6062593460083,-3.9064860343933105,-1.9983859062194824
1723409141,10.623015403747559,-4.225236415863037,-2.008950710296631
1723409141,10.63592529296875,-4.566658020019531,-2.019176959991455
1723409141,10.643058776855469,-4.843414783477783,-2.026688575744629
1723409141,10.647126197814941,-5.129886150360107,-2.0335912704467773
1723409141,10.652277946472168,-5.4079670906066895,-2.010235071182251
1723409141,10.656615257263184,-5.58702278137207,-1.97969651222229
1723409141,10.661410331726074,-5.741079807281494,-1.9394009113311768
1723409141,10.669832229614258,-5.931492805480957,-1.8612072467803955
1723409142,10.67748737335205,-6.06583833694458,-1.78835129737854
1723409142,10.687127113342285,-6.1960039138793945,-1.696678876876831
1723409142,10.698128700256348,-6.312108993530273,-1.593635082244873
1723409142,10.711525917053223,-6.4217305183410645,-1.4719970226287842
1723409142,10.727170944213867,-6.52085542678833,-1.3363797664642334
1723409142,10.74169921875,-6.59642219543457,-1.2145260572433472
1723409142,10.759309768676758,-6.67080545425415,-1.0720198154449463
1723409142,10.781460762023926,-6.745591163635254,-0.8988989591598511
1723409142,10.803847312927246,-6.807673454284668,-0.7287930250167847
1723409142,10.829211235046387,-6.865405082702637,-0.5409420728683472
1723409142,10.855692863464355,-6.915509223937988,-0.34906893968582153
1723409142,10.874872207641602,-6.947636604309082,-0.21195173263549805
1723409142,10.895548820495605,-6.978240489959717,-0.06606489419937134
1723409142,10.921045303344727,-7.010952949523926,0.1112755537033081
1723409142,10.949628829956055,-7.042542457580566,0.30721163749694824
1723409142,10.977713584899902,-7.069667339324951,0.4971938133239746
1723409142,11.003324508666992,-7.091732025146484,0.668639063835144
1723409142,11.029075622558594,-7.111647605895996,0.8394407033920288
1723409142,11.063904762268066,-7.13510799407959,1.0679264068603516
1723409142,11.100825309753418,-7.156826972961426,1.307727575302124
1723409142,11.130025863647461,-7.172451496124268,1.4960143566131592
1723409142,11.1564359664917,-7.185504913330078,1.6653199195861816
1723409143,11.193560600280762,-7.202031135559082,1.901550531387329
1723409143,11.224387168884277,-7.214752197265625,2.0966455936431885
1723409143,11.255759239196777,-7.226822376251221,2.294205665588379
1723409143,11.287315368652344,-7.238217353820801,2.4920358657836914
1723409143,11.329482078552246,-7.252328872680664,2.7549610137939453
1723409143,11.369454383850098,-7.264914035797119,3.0030813217163086
1723409143,11.415282249450684,-7.278517723083496,3.2862534523010254
1723409143,11.455310821533203,-7.289921760559082,3.532715320587158
1723409143,11.498700141906738,-7.301849842071533,3.7989625930786133
1723409143,11.526066780090332,-7.309246063232422,3.9665684700012207
1723409143,11.554597854614258,-7.316844940185547,4.1409783363342285
1723409143,11.594948768615723,-7.327417850494385,4.387031555175781
1723409143,11.626310348510742,-7.335566997528076,4.57792854309082
1723409143,11.667235374450684,-7.446043014526367,4.791038513183594
1723409143,11.713001251220703,-7.647152423858643,5.001197814941406
1723409143,11.763983726501465,-7.935535430908203,5.212039947509766
1723409143,11.806663513183594,-8.209673881530762,5.376702308654785
1723409143,11.85299015045166,-8.537284851074219,5.544567108154297
1723409143,11.915696144104004,-9.023573875427246,5.756289005279541
1723409143,12.007889747619629,-9.80762767791748,6.04257345199585
1723409143,12.062141418457031,-10.311155319213867,6.1965532302856445
1723409144,12.1157865524292,-10.849271774291992,6.335087776184082
1723409144,12.176446914672852,-11.508329391479492,6.47459602355957
1723409144,12.242658615112305,-12.286815643310547,6.607004642486572
1723409144,12.299891471862793,-13.002481460571289,6.7072224617004395
1723409144,12.349050521850586,-13.614176750183105,6.794953346252441
1723409144,12.39159107208252,-14.140917778015137,6.872267246246338
1723409144,12.438070297241211,-14.666398048400879,6.974412441253662
1723409144,12.471271514892578,-15.017094612121582,7.056060791015625
1723409144,12.511130332946777,-15.4028959274292,7.166425704956055
1723409144,12.552715301513672,-15.768339157104492,7.2945098876953125
1723409144,12.604691505432129,-16.169469833374023,7.473934173583984
1723409144,12.636519432067871,-16.396259307861328,7.590329170227051
1723409144,12.679386138916016,-16.669147491455078,7.758318901062012
1723409144,12.721203804016113,-16.90704345703125,7.931924819946289
1723409144,12.759739875793457,-17.1044864654541,8.099372863769531
1723409144,12.788785934448242,-17.242090225219727,8.229406356811523
1723409144,12.823593139648438,-17.392017364501953,8.390323638916016
1723409144,12.856508255004883,-17.521631240844727,8.546630859375
1723409144,12.903443336486816,-17.683835983276367,8.777149200439453
1723409144,12.938738822937012,-17.79474639892578,8.954230308532715
1723409144,12.97054672241211,-17.886629104614258,9.116520881652832
1723409144,13.00827407836914,-17.985328674316406,9.312461853027344
1723409145,13.045940399169922,-18.074790954589844,9.511115074157715
1723409145,13.082929611206055,-18.154911041259766,9.708769798278809
1723409145,13.118268013000488,-18.22521209716797,9.899675369262695
1723409145,13.150593757629395,-18.284883499145508,10.075836181640625
1723409145,13.196764945983887,-18.361661911010742,10.330307960510254
1723409145,13.239545822143555,-18.531978607177734,10.534587860107422
1723409145,13.285414695739746,-18.793176651000977,10.729757308959961
1723409145,13.343916893005371,-19.219579696655273,10.952299118041992
1723409145,13.381675720214844,-19.525300979614258,11.088107109069824
1723409145,13.42541217803955,-19.942564010620117,11.229300498962402
1723409145,13.475838661193848,-20.513641357421875,11.370511054992676
1723409145,13.52408218383789,-21.149295806884766,11.485647201538086
1723409145,13.565244674682617,-21.762664794921875,11.569072723388672
1723409145,13.597451210021973,-22.289892196655273,11.625044822692871
1723409145,13.62578010559082,-22.793764114379883,11.666773796081543
1723409145,13.661125183105469,-23.49408721923828,11.706061363220215
1723409145,13.687844276428223,-24.069683074951172,11.727961540222168
1723409145,13.714447021484375,-24.695417404174805,11.741262435913086
1723409145,13.7450532913208,-25.49933433532715,11.7435884475708
1723409145,13.779525756835938,-26.543277740478516,11.725909233093262
1723409145,13.804046630859375,-27.375356674194336,11.700904846191406
1723409145,13.821565628051758,-28.026226043701172,11.675496101379395
1723409146,13.837830543518066,-28.690998077392578,11.644027709960938
1723409146,13.859574317932129,-29.732830047607422,11.582528114318848
1723409146,13.872689247131348,-30.4374942779541,11.536044120788574
1723409146,13.88498306274414,-31.191429138183594,11.481183052062988
1723409146,13.894892692565918,-31.885536193847656,11.42668628692627
1723409146,13.906225204467773,-32.86969757080078,11.342012405395508
1723409146,13.914359092712402,-33.760406494140625,11.2598876953125
1723409146,13.920672416687012,-34.666969299316406,11.171051979064941
1723409146,13.926239013671875,-35.75386428833008,11.057912826538086
1723409146,13.930022239685059,-36.7933349609375,10.94415283203125
1723409146,13.932363510131836,-37.61592102050781,10.851004600524902
1723409146,13.934640884399414,-38.454620361328125,10.755380630493164
1723409146,13.914823532104492,-39.03560256958008,10.692529678344727
1723409146,13.858925819396973,-39.676902770996094,10.628623008728027
1723409146,13.796768188476562,-40.13860321044922,10.586163520812988
1723409146,13.691187858581543,-40.65617370605469,10.544442176818848
1723409146,13.56250286102295,-41.11033630371094,10.513777732849121
1723409146,13.380539894104004,-41.572608947753906,10.491043090820312
1723409146,13.187841415405273,-41.948150634765625,10.480073928833008
1723409146,13.006879806518555,-42.235755920410156,10.477267265319824
1723409146,12.730290412902832,-42.57337188720703,10.48470687866211
1723409146,12.56552791595459,-42.74917221069336,10.492049217224121
1723409147,12.380922317504883,-42.92095947265625,10.503196716308594
1723409147,12.174181938171387,-43.08830642700195,10.518610954284668
1723409147,11.902219772338867,-43.27450942993164,10.542891502380371
1723409147,11.677654266357422,-43.41019058227539,10.565064430236816
1723409147,11.422185897827148,-43.545597076416016,10.592508316040039
1723409147,11.13046932220459,-43.68049240112305,10.626166343688965
1723409147,10.816625595092773,-43.80778121948242,10.664451599121094
1723409147,10.544745445251465,-43.9075927734375,10.698824882507324
1723409147,10.268016815185547,-44.000545501708984,10.734784126281738
1723409147,10.027535438537598,-44.07596969604492,10.766624450683594
1723409147,9.699296951293945,-44.170677185058594,10.810982704162598
1723409147,9.380815505981445,-44.25648880004883,10.854659080505371
1723409147,9.104884147644043,-44.32727813720703,10.892853736877441
1723409147,8.835898399353027,-44.3935661315918,10.930337905883789
1723409147,8.481499671936035,-44.47716522216797,10.980042457580566
1723409147,8.137052536010742,-44.55587387084961,11.028528213500977
1723409147,7.839303016662598,-44.622596740722656,11.070500373840332
1723409147,7.55100154876709,-44.686370849609375,11.111146926879883
1723409147,7.229918956756592,-44.756778717041016,11.1563720703125
1723409147,6.9277496337890625,-44.822845458984375,11.198850631713867
1723409147,6.587364196777344,-44.89737319946289,11.24655532836914
1723409148,6.270208358764648,-44.96721649169922,11.290837287902832
1723409148,5.913133144378662,-45.046661376953125,11.340445518493652
1723409148,5.5824785232543945,-45.121177673339844,11.386137008666992
1723409148,5.21665620803833,-45.20503234863281,11.436359405517578
1723409148,4.849410057067871,-45.29081344604492,11.486425399780273
1723409148,4.560319423675537,-45.35940933227539,11.525609970092773
1723409148,4.213198184967041,-45.443328857421875,11.572338104248047
1723409148,3.8653781414031982,-45.529048919677734,11.618829727172852
1723409148,3.4906601905822754,-45.623355865478516,11.66852855682373
1723409148,3.225433349609375,-45.69112014770508,11.703508377075195
1723409148,2.879889488220215,-45.781192779541016,11.748737335205078
1723409148,2.53086256980896,-45.8740119934082,11.794072151184082
1723409148,2.0899784564971924,-45.994319915771484,11.850764274597168
1723409148,1.8332120180130005,-46.06533432006836,11.883602142333984
1723409148,1.451324462890625,-46.17285919189453,11.932085037231445
1723409148,1.1089050769805908,-46.27080154418945,11.975273132324219
1723409148,0.8183928728103638,-46.35493850708008,12.01172161102295
1723409148,0.5626857280731201,-46.42978286743164,12.043657302856445
1723409148,0.3088867962360382,-46.50503921508789,12.075188636779785
1723409148,0.016779929399490356,-46.593082427978516,12.111235618591309
1723409148,-0.17955952882766724,-46.73588180541992,12.12118911743164
1723409148,-0.33032405376434326,-46.924381256103516,12.115399360656738
1723409149,-0.4677814841270447,-47.22059631347656,12.08897590637207
1723409149,-0.574438750743866,-47.64275360107422,12.0358304977417
1723409149,-0.6322472095489502,-48.05820846557617,11.975386619567871
1723409149,-0.6589787602424622,-48.53114318847656,11.899869918823242
1723409149,-0.6582568287849426,-49.00876998901367,11.818872451782227
1723409149,-0.6274237632751465,-49.589107513427734,11.715476989746094
1723409149,-0.5861781239509583,-50.06892395019531,11.62740707397461
1723409149,-0.5223512649536133,-50.6177978515625,11.524125099182129
1723409149,-0.4144415259361267,-51.34554672241211,11.384161949157715
1723409149,-0.27337905764579773,-52.14739990234375,11.227783203125
1723409149,-0.15699681639671326,-52.75017166137695,11.10937213897705
1723409149,0.011819951236248016,-53.54682159423828,10.952178955078125
1723409149,0.16750101745128632,-54.23631286621094,10.815877914428711
1723409149,0.3652939200401306,-55.059505462646484,10.653054237365723
1723409149,0.5405436158180237,-55.75809097290039,10.51500415802002
1723409149,0.7771492600440979,-56.65768051147461,10.337642669677734
1723409149,0.9802566766738892,-57.405433654785156,10.190802574157715
1723409149,1.2251018285751343,-58.27778625488281,10.02042293548584
1723409149,1.461509108543396,-59.097782135009766,9.861198425292969
1723409149,1.6739338636398315,-59.81929016113281,9.721885681152344
1723409149,1.941564917564392,-60.70736312866211,9.551678657531738
1723409150,2.258225917816162,-61.73323059082031,9.356861114501953
1723409150,2.4906325340270996,-62.48374557495117,9.216056823730469
1723409150,2.6407856941223145,-63.04375457763672,9.115878105163574
1723409150,2.772988796234131,-63.675811767578125,9.010382652282715
1723409150,2.85421085357666,-64.24165344238281,8.923259735107422
1723409150,2.8894410133361816,-64.78857421875,8.847241401672363
1723409150,2.8721373081207275,-65.32080078125,8.7827787399292
1723409150,2.8218889236450195,-65.73343658447266,8.739396095275879
1723409150,2.763547658920288,-66.03340148925781,8.71168041229248
1723409150,2.6738367080688477,-66.35094451904297,8.687177658081055
1723409150,2.5711119174957275,-66.62962341308594,8.669784545898438
1723409150,2.3876993656158447,-66.99539947509766,8.655099868774414
1723409150,2.251523733139038,-67.2262191772461,8.649234771728516
1723409150,2.057347536087036,-67.50119018554688,8.647480964660645
1723409150,1.7871545553207397,-67.8176498413086,8.653044700622559
1723409150,1.5866016149520874,-68.02825164794922,8.660075187683105
1723409150,1.4173359870910645,-68.19271087646484,8.667587280273438
1723409150,1.1995736360549927,-68.38692474365234,8.67928695678711
1723409150,0.9504302740097046,-68.59149932861328,8.694725036621094
1723409150,0.7496833801269531,-68.7473373413086,8.7081880569458
1723409150,0.5449520945549011,-68.89856719970703,8.722783088684082
1723409150,0.2869037091732025,-69.07917022705078,8.742291450500488
1723409151,0.012275844812393188,-69.26235961914062,8.764050483703613
1723409151,-0.23632502555847168,-69.4222640991211,8.784402847290039
1723409151,-0.470181405544281,-69.56837463378906,8.804022789001465
1723409151,-0.7474764585494995,-69.73658752441406,8.827842712402344
1723409151,-1.0497922897338867,-69.9151611328125,8.854333877563477
1723409151,-1.3207812309265137,-70.07217407226562,8.878396034240723
1723409151,-1.5786209106445312,-70.21943664550781,8.901505470275879
1723409151,-1.8542388677597046,-70.37496948242188,8.926393508911133
1723409151,-2.1687254905700684,-70.55062866210938,8.954957008361816
1723409151,-2.412001132965088,-70.68580627441406,8.977110862731934
1723409151,-2.685121536254883,-70.83695220947266,9.002029418945312
1723409151,-2.9534835815429688,-70.98512268066406,9.026534080505371
1723409151,-3.3073537349700928,-71.18038177490234,9.058831214904785
1723409151,-3.555957317352295,-71.44087219238281,9.067341804504395
1723409151,-3.743051767349243,-71.73883056640625,9.061810493469238
1723409151,-3.9121241569519043,-72.13902282714844,9.041234016418457
1723409151,-4.068339824676514,-72.7197265625,8.99674129486084
1723409151,-4.140911102294922,-73.30244445800781,8.938158988952637
1723409151,-4.153846740722656,-73.87643432617188,8.870521545410156
1723409151,-4.052666187286377,-74.8568344116211,8.73344898223877
1723409152,-3.959409475326538,-75.44458770751953,8.645350456237793
1723409152,-3.8115158081054688,-76.13825225830078,8.53431224822998
1723409152,-3.6107568740844727,-76.90047454833984,8.404937744140625
1723409152,-3.380187749862671,-77.65531921386719,8.270495414733887
1723409152,-3.1331398487091064,-78.38086700439453,8.136043548583984
1723409152,-2.7471649646759033,-79.38817596435547,7.940244674682617
1723409152,-2.4206368923187256,-80.18032836914062,7.781176567077637
1723409152,-2.114501714706421,-80.88330078125,7.636274337768555
1723409152,-1.726283073425293,-81.7251968383789,7.457659721374512
1723409152,-1.417436122894287,-82.36983489990234,7.318080902099609
1723409152,-1.0168406963348389,-83.17088317871094,7.140449523925781
1723409152,-0.5683401823043823,-84.0315933227539,6.944762706756592
1723409152,-0.0038368254899978638,-85.06852722167969,6.7023024559021
1723409152,0.38206788897514343,-85.75962829589844,6.53801155090332
1723409152,0.7329120635986328,-86.37521362304688,6.389718055725098
1723409152,1.0815144777297974,-86.97581481933594,6.243435859680176
1723409152,1.643572449684143,-87.91972351074219,6.010042667388916
1723409152,2.086097240447998,-88.6504898071289,5.828149795532227
1723409152,2.5808629989624023,-89.45474243164062,5.6270623207092285
1723409152,3.2580275535583496,-90.53572845458984,5.356412410736084
1723409152,3.7110390663146973,-91.25226593017578,5.177606582641602
1723409153,4.123974800109863,-91.90117645263672,5.0165181159973145
1723409153,4.693353652954102,-92.79003143310547,4.798298358917236
1723409153,5.13824987411499,-93.48208618164062,4.630115032196045
1723409153,5.606997489929199,-94.20909881591797,4.455397605895996
1723409153,6.126040935516357,-95.01215362548828,4.2650346755981445
1723409153,6.706871032714844,-95.90880584716797,4.055804252624512
1723409153,7.216540336608887,-96.69471740722656,3.8750290870666504
1723409153,7.7666215896606445,-97.54220581054688,3.683152198791504
1723409153,8.377729415893555,-98.4831771850586,3.4739155769348145
1723409153,8.816795349121094,-99.15914154052734,3.3255839347839355
1723409153,9.274007797241211,-99.8650894165039,3.173341751098633
1723409153,9.704582214355469,-100.53174591064453,3.0322813987731934
1723409153,10.068021774291992,-101.09574127197266,2.9152650833129883
1723409153,10.346309661865234,-101.52828979492188,2.8271210193634033
1723409153,10.646502494812012,-101.99583435058594,2.734011650085449
1723409153,10.89825439453125,-102.38837432861328,2.6577534675598145
1723409153,11.062671661376953,-102.64494323730469,2.6088144779205322
1723409153,11.25239372253418,-102.94107055664062,2.5537567138671875
1723409153,11.396784782409668,-103.16641998291016,2.5127813816070557
1723409153,11.543343544006348,-103.39495086669922,2.472252130508423
1723409153,11.64335823059082,-103.55075073242188,2.4451446533203125
1723409154,11.726282119750977,-103.67977905273438,2.4230873584747314
1723409154,11.806705474853516,-103.8046875,2.402113437652588
1723409154,11.907266616821289,-103.96041870117188,2.376610279083252
1723409154,11.97140121459961,-104.05777740478516,2.3754706382751465
1723409154,12.033750534057617,-104.15031433105469,2.39054012298584
1723409154,12.095834732055664,-104.24007415771484,2.4236817359924316
1723409154,12.162393569946289,-104.33322143554688,2.4831581115722656
1723409154,12.21170425415039,-104.40040588378906,2.5415725708007812
1723409154,12.275300979614258,-104.4836654663086,2.6442415714263916
1723409154,12.321867942810059,-104.5427017211914,2.735171318054199
1723409154,12.374483108520508,-104.60675048828125,2.859957218170166
1723409154,12.416269302368164,-104.65589904785156,2.9736032485961914
1723409154,12.452421188354492,-104.69819641113281,3.0734219551086426
1723409154,12.483716011047363,-104.73465728759766,3.161024570465088
1723409154,12.525364875793457,-104.78289794921875,3.280137538909912
1723409154,12.549907684326172,-104.81124877929688,3.3512330055236816
1723409154,12.572120666503906,-104.83686065673828,3.4163641929626465
1723409154,12.593260765075684,-104.86117553710938,3.479112148284912
1723409154,12.616632461547852,-104.88797760009766,3.5495681762695312
1723409154,12.634744644165039,-104.90869903564453,3.604851722717285
1723409154,12.650592803955078,-104.92679595947266,3.6537933349609375
1723409154,12.666481971740723,-104.94490814208984,3.703467845916748
1723409155,12.76050853729248,-105.07569122314453,3.7346267700195312
1723409155,12.882969856262207,-105.2490234375,3.7448315620422363
1723409155,13.078424453735352,-105.52843475341797,3.737337589263916
1723409155,13.265754699707031,-105.79766082763672,3.719846725463867
1723409155,13.596729278564453,-106.27619934082031,3.671359062194824
1723409155,13.927205085754395,-106.75613403320312,3.612351894378662
1723409155,14.189456939697266,-107.13811492919922,3.5606632232666016
1723409155,14.498614311218262,-107.58961486816406,3.498546600341797
1723409155,14.721941947937012,-107.91647338867188,3.452981472015381
1723409155,14.92702865600586,-108.21730041503906,3.410489082336426
1723409155,15.134370803833008,-108.52223205566406,3.366788387298584
1723409155,15.333283424377441,-108.81549072265625,3.3241004943847656
1723409155,15.46802043914795,-109.0145034790039,3.2947864532470703
1723409155,15.593564987182617,-109.20024871826172,3.2670950889587402
1723409155,15.694418907165527,-109.3496322631836,3.2445831298828125
1723409155,15.802881240844727,-109.51045227050781,3.220038890838623
1723409155,15.878540992736816,-109.62265014648438,3.2027602195739746
1723409155,15.951974868774414,-109.73149108886719,3.1858749389648438
1723409155,16.019601821899414,-109.8316421508789,3.170224189758301
1723409155,16.089000701904297,-109.9343032836914,3.1540756225585938
1723409155,16.142370223999023,-110.01317596435547,3.1416001319885254
1723409156,16.19137954711914,-110.08554077148438,3.130094051361084
1723409156,16.231834411621094,-110.14521789550781,3.120560646057129
1723409156,16.274765014648438,-110.20848083496094,3.1104063987731934
1723409156,16.3049373626709,-110.25289916992188,3.1032495498657227
1723409156,16.330968856811523,-110.29119110107422,3.0970592498779297
1723409156,16.35467529296875,-110.3260269165039,3.0914082527160645
1723409156,16.382925033569336,-110.36749267578125,3.084662914276123
1723409156,16.403390884399414,-110.39750671386719,3.0797691345214844
1723409156,16.419771194458008,-110.42150115966797,3.0758485794067383
1723409156,16.437313079833984,-110.44717407226562,3.0716490745544434
1723409156,16.451644897460938,-110.46812438964844,3.068218231201172
1723409156,16.46225357055664,-110.48361206054688,3.0656790733337402
1723409156,16.472110748291016,-110.49799346923828,3.0633201599121094
1723409156,16.48293113708496,-110.51376342773438,3.060737133026123
1723409156,16.490903854370117,-110.52537536621094,3.058835983276367
1723409156,16.498374938964844,-110.53623962402344,3.0570592880249023
1723409156,16.504375457763672,-110.54495239257812,3.055635929107666
1723409156,16.51131820678711,-110.55502319335938,3.0539965629577637
1723409156,16.516307830810547,-110.562255859375,3.052823543548584
1723409156,16.520383834838867,-110.56815338134766,3.0518693923950195
1723409156,16.524227142333984,-110.57371520996094,3.050973415374756
1723409157,16.528682708740234,-110.58015441894531,3.04994535446167
1723409157,16.53133773803711,-110.583984375,3.0493359565734863
1723409157,16.533811569213867,-110.5875473022461,3.048771858215332
1723409157,16.535982131958008,-110.5906753540039,3.048280715942383
1723409157,16.538652420043945,-110.59451293945312,3.0476837158203125
1723409157,16.540557861328125,-110.59725189208984,3.047262668609619
1723409157,16.542055130004883,-110.59939575195312,3.0469350814819336
1723409157,16.54385757446289,-110.60198211669922,3.0465474128723145
1723409157,16.54500389099121,-110.60362243652344,3.046304225921631
1723409157,16.545957565307617,-110.60498809814453,3.0461039543151855
1723409157,16.547029495239258,-110.60652160644531,3.0458827018737793
1723409157,16.547813415527344,-110.6076431274414,3.0457234382629395
1723409157,16.548479080200195,-110.60858917236328,3.045590400695801
1723409157,16.549043655395508,-110.60939025878906,3.0454797744750977
1723409157,16.5496768951416,-110.61029052734375,3.045358180999756
1723409157,16.55017852783203,-110.61100006103516,3.0452632904052734
1723409157,16.550565719604492,-110.6115493774414,3.0451908111572266
1723409157,16.55095100402832,-110.61209106445312,3.045121192932129
1723409157,16.551403045654297,-110.61272430419922,3.0450425148010254
1723409157,16.551685333251953,-110.61312103271484,3.044994354248047
1723409158,16.551918029785156,-110.61344909667969,3.044955253601074
1723409158,16.552175521850586,-110.61381530761719,3.0449142456054688
1723409158,16.5523738861084,-110.61409759521484,3.0448832511901855
1723409158,16.552532196044922,-110.61431884765625,3.0448594093322754
1723409158,16.552682876586914,-110.61453247070312,3.044837474822998
1723409158,16.55284881591797,-110.6147689819336,3.044814109802246
1723409158,16.55297088623047,-110.61493682861328,3.0447983741760254
1723409158,16.553098678588867,-110.61511993408203,3.0447826385498047
1723409158,16.553234100341797,-110.61531066894531,3.0447678565979004
1723409158,16.553316116333008,-110.61542510986328,3.044759750366211
1723409158,16.55337905883789,-110.61551666259766,3.0447540283203125
1723409158,16.553449630737305,-110.61561584472656,3.044747829437256
1723409158,16.553497314453125,-110.61568450927734,3.0447440147399902
1723409158,16.553546905517578,-110.61575317382812,3.044740676879883
1723409158,16.553592681884766,-110.61581420898438,3.0447378158569336
1723409158,16.55362319946289,-110.61585998535156,3.044735908508301
1723409158,16.55365562438965,-110.61590576171875,3.044734477996826
1723409158,16.553682327270508,-110.61593627929688,3.0447335243225098
1723409158,16.553707122802734,-110.615966796875,3.0447330474853516
1723409158,16.553726196289062,-110.6159896850586,3.0447330474853516
1723409158,16.553743362426758,-110.61601257324219,3.0447330474853516
1723409159,16.553760528564453,-110.61603546142578,3.0447325706481934
1723409159,16.55377769470215,-110.61605834960938,3.0447330474853516
1723409159,16.553791046142578,-110.61607360839844,3.0447335243225098
1723409159,16.553802490234375,-110.6160888671875,3.044734001159668
1723409159,16.55381202697754,-110.61610412597656,3.044734001159668
1723409159,16.553823471069336,-110.61611938476562,3.044734001159668
1723409159,16.553831100463867,-110.61612701416016,3.044734477996826
1723409159,16.5538387298584,-110.61613464355469,3.0447349548339844
1723409159,16.553844451904297,-110.61614227294922,3.044735908508301
1723409159,16.553852081298828,-110.61614990234375,3.044736862182617
1723409159,16.553855895996094,-110.61615753173828,3.0447373390197754
1723409159,16.55385971069336,-110.61616516113281,3.0447373390197754
1723409159,16.553863525390625,-110.61617279052734,3.0447378158569336
1723409159,16.55386734008789,-110.61618041992188,3.04473876953125
1723409159,16.553871154785156,-110.6161880493164,3.0447397232055664
1723409159,16.55387306213379,-110.6161880493164,3.0447402000427246
1723409159,16.553874969482422,-110.6161880493164,3.044741153717041
1723409159,16.553876876831055,-110.6161880493164,3.044741630554199
1723409159,16.553878784179688,-110.6161880493164,3.044741630554199
1723409159,16.55388069152832,-110.6161880493164,3.044741630554199
1723409160,16.553882598876953,-110.6161880493164,3.0447421073913574
1723409160,16.553882598876953,-110.6161880493164,3.0447425842285156
1723409160,16.553882598876953,-110.6161880493164,3.044743061065674
1723409160,16.553882598876953,-110.6161880493164,3.044743537902832
1723409160,16.553882598876953,-110.6161880493164,3.0447440147399902
1723409160,16.553882598876953,-110.6161880493164,3.0447440147399902
1723409160,16.553882598876953,-110.6161880493164,3.0447440147399902
1723409160,16.553882598876953,-110.6161880493164,3.0447440147399902
1723409160,16.553882598876953,-110.6161880493164,3.0447440147399902
1723409160,16.553882598876953,-110.6161880493164,3.044743537902832
1723409160,16.553882598876953,-110.6161880493164,3.044743061065674
1723409160,16.553882598876953,-110.6161880493164,3.044743061065674
1723409160,16.553882598876953,-110.6161880493164,3.044743537902832
1723409160,16.553882598876953,-110.6161880493164,3.0447440147399902
1723409160,16.553882598876953,-110.6161880493164,3.0447444915771484
1723409160,16.553882598876953,-110.6161880493164,3.0447444915771484
1723409160,16.553882598876953,-110.6161880493164,3.0447444915771484
1723409160,16.553882598876953,-110.6161880493164,3.0447444915771484
1723409160,16.553882598876953,-110.6161880493164,3.0447440147399902
1723409160,16.553882598876953,-110.6161880493164,3.044743537902832
1723409160,16.553882598876953,-110.6161880493164,3.044743537902832
1723409161,16.553882598876953,-110.6161880493164,3.044743537902832
1723409161,16.553882598876953,-110.6161880493164,3.044743061065674
1723409161,16.55388069152832,-110.6161880493164,3.044743061065674
1723409161,16.55388069152832,-110.61618041992188,3.044743061065674
1723409161,16.55388069152832,-110.61618041992188,3.044743061065674
1723409161,16.55388069152832,-110.61618041992188,3.044743061065674
1723409161,16.55388069152832,-110.61618041992188,3.0447425842285156
1723409161,16.55388069152832,-110.61618041992188,3.0447421073913574
1723409161,16.55388069152832,-110.61618041992188,3.0447421073913574
1723409161,16.55388069152832,-110.61618041992188,3.0447421073913574
1723409161,16.553878784179688,-110.61618041992188,3.044741630554199
1723409161,16.553878784179688,-110.61618041992188,3.044741630554199
1723409161,16.553878784179688,-110.61618041992188,3.044741630554199
1723409161,16.553878784179688,-110.61618041992188,3.044741630554199
1723409161,16.553878784179688,-110.61618041992188,3.044741153717041
1723409161,16.553878784179688,-110.61618041992188,3.044741153717041
1723409161,16.553878784179688,-110.61618041992188,3.044741153717041
1723409161,16.553878784179688,-110.61618041992188,3.044740676879883
1723409161,16.553878784179688,-110.61618041992188,3.044740676879883
1723409161,16.553878784179688,-110.61618041992188,3.0447402000427246
1723409162,16.553878784179688,-110.61618041992188,3.0447402000427246
1723409162,16.553878784179688,-110.61618041992188,3.0447402000427246
1723409162,16.553876876831055,-110.61618041992188,3.0447402000427246
1723409162,16.553876876831055,-110.61618041992188,3.0447397232055664
1723409162,16.553876876831055,-110.61618041992188,3.044739246368408
1723409162,16.553876876831055,-110.61618041992188,3.04473876953125
1723409162,16.553876876831055,-110.61618041992188,3.04473876953125
1723409162,16.553876876831055,-110.61618041992188,3.04473876953125
1723409162,16.553876876831055,-110.61618041992188,3.04473876953125
1723409162,16.553876876831055,-110.61618041992188,3.044738292694092
1723409162,16.553876876831055,-110.61618041992188,3.0447378158569336
1723409162,16.553876876831055,-110.61618041992188,3.0447378158569336
1723409162,16.553876876831055,-110.61618041992188,3.0447378158569336
1723409162,16.553876876831055,-110.61618041992188,3.0447373390197754
1723409162,16.553876876831055,-110.61618041992188,3.044736862182617
1723409162,16.553876876831055,-110.61618041992188,3.044736862182617
1723409162,16.553876876831055,-110.61618041992188,3.044736385345459
1723409162,16.553876876831055,-110.61618041992188,3.044736385345459
1723409162,16.553876876831055,-110.61618041992188,3.044736385345459
1723409162,16.553876876831055,-110.61618041992188,3.044736385345459
1723409163,16.553876876831055,-110.61618041992188,3.044735908508301
1723409163,16.553876876831055,-110.61618041992188,3.044735908508301
1723409163,16.553876876831055,-110.61618041992188,3.0447354316711426
1723409163,16.553876876831055,-110.61618041992188,3.0447354316711426
1723409163,16.553876876831055,-110.61618041992188,3.0447354316711426
1723409163,16.553876876831055,-110.61618041992188,3.0447354316711426
1723409163,16.553876876831055,-110.61618041992188,3.0447354316711426
1723409163,16.553876876831055,-110.61618041992188,3.0447349548339844
1723409163,16.553876876831055,-110.61618041992188,3.0447349548339844
1723409163,16.553876876831055,-110.61618041992188,3.044734477996826
1723409163,16.553876876831055,-110.61618041992188,3.044734001159668
1723409163,16.553876876831055,-110.61618041992188,3.0447335243225098
1723409163,16.553876876831055,-110.61618041992188,3.0447330474853516
1723409163,16.553876876831055,-110.61618041992188,3.0447330474853516
1723409163,16.553876876831055,-110.61618041992188,3.0447330474853516
1723409163,16.553876876831055,-110.61618041992188,3.0447330474853516
1723409163,16.553876876831055,-110.61618041992188,3.0447330474853516
1723409163,16.553876876831055,-110.61618041992188,3.0447330474853516
1723409163,16.553876876831055,-110.61618041992188,3.0447330474853516
1723409164,16.553876876831055,-110.61618041992188,3.0447330474853516
1723409164,16.553876876831055,-110.61618041992188,3.0447330474853516
1723409164,16.553876876831055,-110.61618041992188,3.0447330474853516
1723409164,16.553876876831055,-110.61618041992188,3.0447325706481934
1723409164,16.553876876831055,-110.61618041992188,3.0447325706481934
1723409164,16.553876876831055,-110.61618041992188,3.0447325706481934
